dataset,n,feats,classes,nfold,acc_AODE, acc_C-GBMA-AODE, acc_C-DBMA-AODE, acc_GBMA-AODE, acc_DBMA-AODE, acc_NBC, br_score_AODE, br_score_C-GBMA-AODE, br_score_C-DBMA-AODE, br_score_GBMA, br_score_DBMA, br_score_NBC, p-value-acc_C-GBMA-AODE, p-value-acc_C-DBMA-AODE, p-value-acc_NBC, p-value-brier-score_GAODE, p-value-brier-score_GAODE, p-value-brier-score_NBC,count_trunc_generative, count_trunc_discriminative, Type_discr_lik, det_C-DBMA-AODE*,sing_acc_C-DBMA-AODE*,ind_out_size_C-DBMA-AODE*,set_acc_C-DBMA-AODE*,disc_acc_C-DBMA-AODE*,util_65_C-DBMA-AODE*,util_80_C-DBMA-AODE*,precise_single_C-DBMA-AODE*,precise_set_C-DBMA-AODE*,p-value-65_C-DBMA-AODE*,p-value-80_C-DBMA-AODE*,count_trunc_imprecise_C-DBMA-AODE*,det_C-GBMA-AODE*,sing_acc_C-GBMA-AODE*,ind_out_size_C-GBMA-AODE*,set_acc_C-GBMA-AODE*,disc_acc_C-GBMA-AODE*,util_65_C-GBMA-AODE*,util_80_C-GBMA-AODE*,precise_single_C-GBMA-AODE*,precise_set_C-GBMA-AODE*,p-value-65_C-GBMA-AODE*,p-value-80_C-GBMA-AODE*,count_trunc_imprecise_C-GBMA-AODE*,det_GBMA-AODE*,sing_acc_GBMA-AODE*,ind_out_size_GBMA-AODE*,set_acc_GBMA-AODE*,disc_acc_GBMA-AODE*,util_65_GBMA-AODE*,util_80_GBMA-AODE*,precise_single_GBMA-AODE*,precise_set_GBMA-AODE*,p-value-65_GBMA-AODE*,p-value-80_GBMA-AODE*, det_DBMA-AODE*,sing_acc_DBMA-AODE*,ind_out_size_DBMA-AODE*,set_acc_DBMA-AODE*,disc_acc_DBMA-AODE*,util_65_DBMA-AODE*,util_80_DBMA-AODE*,precise_single_DBMA-AODE*,precise_set_DBMA-AODE*,p-value-65_DBMA-AODE*,p-value-80_DBMA-AODE*, %D-COMPvsBMA, %G-COMPvsBMA
anneal_mdl_discr.csv , 898 , 31 , 6 , 10 ,0.98479 ,0.98654 ,0.98479 ,0.98828 ,0.98828 ,0.97834 ,0.00105 ,0.00102 ,0.00105 ,0.00085 ,0.00086 ,0.00180 ,0.44660 ,NaN ,0.47256 ,0.10377 ,0.00000 ,0.00000 ,0.00000 ,0.00000 ,0.00000 ,1.00000 ,0.98479 ,NaN ,NaN ,0.98479 ,0.98479 ,0.98479 ,0.98479 ,NaN ,0.44660 ,0.44660 ,0.00000 ,0.00000 ,0.00000 ,0.00000 ,0.00000 ,0.00000 ,0.00000 ,0.00000 ,0.00000 ,0.00000 ,0.00000 ,0.00000 ,0.00000 ,0.00000 ,0.00000 ,0.00000 ,0.00000 ,0.00000 ,0.00000 ,0.00000 ,0.00000 ,0.00000 ,0.00000 ,0.00000 ,0.99415 ,0.99003 ,3.50000 ,1.00000 ,0.98652 ,0.98729 ,0.98805 ,0.99003 ,0.58333 ,0.60783 ,0.51484 ,NaN ,NaN ,
breast_w_mdl_discr.csv , 699 , 9 , 2 , 10 ,0.97223 ,0.97195 ,0.97195 ,0.96622 ,0.96508 ,0.97282 ,0.00244 ,0.00244 ,0.00245 ,0.00289 ,0.00302 ,0.00256 ,0.69781 ,0.69781 ,0.26756 ,0.14894 ,0.00000 ,0.00000 ,0.00000 ,0.00000 ,0.00000 ,1.00000 ,0.97195 ,NaN ,NaN ,0.97195 ,0.97195 ,0.97195 ,0.97195 ,NaN ,NaN ,0.00000 ,0.00000 ,0.00000 ,0.00000 ,0.00000 ,0.00000 ,0.00000 ,0.00000 ,0.00000 ,0.00000 ,0.00000 ,0.00000 ,0.00000 ,0.00000 ,0.00000 ,0.00000 ,0.00000 ,0.00000 ,0.00000 ,0.00000 ,0.00000 ,0.00000 ,0.00000 ,0.00000 ,0.00000 ,0.97882 ,0.97280 ,2.00000 ,1.00000 ,0.96279 ,0.96597 ,0.96915 ,0.97280 ,0.56410 ,0.16640 ,0.50181 ,NaN ,NaN ,
cmc_mdl_discr.csv , 1473 , 9 , 3 , 10 ,0.52410 ,0.52240 ,0.52342 ,0.51834 ,0.51834 ,0.52072 ,0.03438 ,0.03438 ,0.03435 ,0.03537 ,0.03537 ,0.03534 ,0.47344 ,0.85409 ,0.61180 ,0.82127 ,0.00000 ,0.00000 ,0.00000 ,0.00000 ,0.00000 ,0.99864 ,0.52414 ,2.00000 ,0.50000 ,0.52376 ,0.52386 ,0.52397 ,0.52414 ,0.00000 ,0.66550 ,0.64210 ,0.00000 ,0.00000 ,0.00000 ,0.00000 ,0.00000 ,0.00000 ,0.00000 ,0.00000 ,0.00000 ,0.00000 ,0.00000 ,0.00000 ,0.00000 ,0.00000 ,0.00000 ,0.00000 ,0.00000 ,0.00000 ,0.00000 ,0.00000 ,0.00000 ,0.00000 ,0.00000 ,0.00000 ,0.99864 ,0.51865 ,2.00000 ,0.33333 ,0.51834 ,0.51844 ,0.51854 ,0.51865 ,0.16667 ,0.65178 ,0.65753 ,0.00000 ,NaN ,
credit_a_missingReplaced_mdl_discr.csv , 690 , 15 , 2 , 10 ,0.86087 ,0.86203 ,0.86145 ,0.86058 ,0.85652 ,0.86029 ,0.01071 ,0.01061 ,0.01068 ,0.01086 ,0.01153 ,0.01123 ,0.67767 ,0.78465 ,0.98129 ,0.78111 ,0.00000 ,0.00000 ,0.00000 ,0.00000 ,0.00000 ,0.99971 ,0.86168 ,2.00000 ,1.00000 ,0.86159 ,0.86164 ,0.86168 ,0.86168 ,0.00000 ,0.92236 ,0.93123 ,0.00000 ,0.00000 ,0.00000 ,0.00000 ,0.00000 ,0.00000 ,0.00000 ,0.00000 ,0.00000 ,0.00000 ,0.00000 ,0.00000 ,0.00000 ,0.00000 ,0.00000 ,0.00000 ,0.00000 ,0.00000 ,0.00000 ,0.00000 ,0.00000 ,0.00000 ,0.00000 ,0.00000 ,0.96725 ,0.86653 ,2.00000 ,1.00000 ,0.85435 ,0.85926 ,0.86417 ,0.86653 ,0.57262 ,0.84721 ,0.81389 ,0.00000 ,NaN ,
credit_g_mdl_discr.csv , 1000 , 15 , 2 , 10 ,0.75620 ,0.75400 ,0.75600 ,0.74000 ,0.73980 ,0.75100 ,0.01665 ,0.01669 ,0.01664 ,0.01765 ,0.01970 ,0.01721 ,0.66042 ,0.93865 ,0.09566 ,0.44344 ,0.00000 ,0.00000 ,0.84000 ,0.00000 ,0.00000 ,0.99820 ,0.75718 ,2.00000 ,1.00000 ,0.75670 ,0.75697 ,0.75724 ,0.75718 ,0.12500 ,0.58284 ,0.55310 ,0.00000 ,0.00000 ,0.00000 ,0.00000 ,0.00000 ,0.00000 ,0.00000 ,0.00000 ,0.00000 ,0.00000 ,0.00000 ,0.00000 ,0.00000 ,0.00000 ,0.00000 ,0.00000 ,0.00000 ,0.00000 ,0.00000 ,0.00000 ,0.00000 ,0.00000 ,0.00000 ,0.00000 ,1.00000 ,0.73980 ,NaN ,NaN ,0.73980 ,0.73980 ,0.73980 ,0.73980 ,NaN ,0.26202 ,0.26202 ,0.00000 ,NaN ,
diabetes_mdl_discr.csv , 768 , 6 , 2 , 10 ,0.78119 ,0.78171 ,0.78145 ,0.77990 ,0.77495 ,0.77833 ,0.01507 ,0.01506 ,0.01507 ,0.01526 ,0.01554 ,0.01538 ,0.57934 ,0.69781 ,0.91657 ,0.74243 ,0.00000 ,0.00000 ,0.00000 ,0.00000 ,0.00000 ,0.99922 ,0.78181 ,2.00000 ,1.00000 ,0.78158 ,0.78169 ,0.78181 ,0.78181 ,0.25000 ,0.99181 ,0.93865 ,0.00000 ,0.00000 ,0.00000 ,0.00000 ,0.00000 ,0.00000 ,0.00000 ,0.00000 ,0.00000 ,0.00000 ,0.00000 ,0.00000 ,0.00000 ,0.00000 ,0.00000 ,0.00000 ,0.00000 ,0.00000 ,0.00000 ,0.00000 ,0.00000 ,0.00000 ,0.00000 ,0.00000 ,0.94689 ,0.79198 ,2.00000 ,1.00000 ,0.77624 ,0.78421 ,0.79218 ,0.79198 ,0.43004 ,0.60539 ,0.08329 ,0.50000 ,NaN ,
ecoli_mdl_discr.csv , 336 , 6 , 8 , 10 ,0.82856 ,0.82856 ,0.82856 ,0.84526 ,0.83105 ,0.84403 ,0.01202 ,0.01201 ,0.01202 ,0.01206 ,0.01251 ,0.01147 ,NaN ,NaN ,0.16963 ,0.32586 ,0.00000 ,0.00000 ,0.00000 ,0.00000 ,0.00000 ,1.00000 ,0.82856 ,NaN ,NaN ,0.82856 ,0.82856 ,0.82856 ,0.82856 ,NaN ,1.00000 ,0.00002 ,0.00000 ,0.00000 ,0.00000 ,0.00000 ,0.00000 ,0.00000 ,0.00000 ,0.00000 ,0.00000 ,0.00000 ,0.00000 ,0.00000 ,0.00000 ,0.00000 ,0.00000 ,0.00000 ,0.00000 ,0.00000 ,0.00000 ,0.00000 ,0.00000 ,0.00000 ,0.00000 ,0.00000 ,0.91134 ,0.87015 ,2.10263 ,0.86939 ,0.82982 ,0.84136 ,0.85291 ,0.87015 ,0.45035 ,0.14779 ,0.01655 ,NaN ,NaN ,
glass_mdl_discr.csv , 214 , 7 , 7 , 10 ,0.77483 ,0.77483 ,0.77574 ,0.70550 ,0.76580 ,0.73788 ,0.02097 ,0.02097 ,0.02093 ,0.02368 ,0.02144 ,0.02163 ,NaN ,0.69781 ,0.00406 ,0.33208 ,0.00000 ,0.00000 ,0.00000 ,0.00000 ,0.00000 ,0.99632 ,0.77716 ,2.00000 ,1.00000 ,0.77600 ,0.77655 ,0.77710 ,0.77716 ,0.00000 ,0.74609 ,0.70234 ,0.00000 ,0.00000 ,0.00000 ,0.00000 ,0.00000 ,0.00000 ,0.00000 ,0.00000 ,0.00000 ,0.00000 ,0.00000 ,0.00000 ,0.00000 ,0.00000 ,0.00000 ,0.00000 ,0.00000 ,0.00000 ,0.00000 ,0.00000 ,0.00000 ,0.00000 ,0.00000 ,0.00000 ,0.89013 ,0.79374 ,2.08450 ,0.95142 ,0.75734 ,0.77283 ,0.78832 ,0.79374 ,0.50015 ,0.84171 ,0.38435 ,0.66667 ,NaN ,
grub_damage_mdl_discr.csv , 155 , 6 , 4 , 10 ,0.42167 ,0.42167 ,0.40200 ,0.47017 ,0.32100 ,0.49075 ,0.04846 ,0.04846 ,0.04951 ,0.04649 ,0.06113 ,0.04329 ,NaN ,0.30660 ,0.16924 ,0.00158 ,0.00000 ,0.00000 ,6.00000 ,0.00000 ,0.00000 ,0.98042 ,0.40171 ,2.00000 ,0.75000 ,0.40075 ,0.40310 ,0.40545 ,0.40171 ,0.45833 ,0.30424 ,0.34359 ,0.00000 ,0.00000 ,0.00000 ,0.00000 ,0.00000 ,0.00000 ,0.00000 ,0.00000 ,0.00000 ,0.00000 ,0.00000 ,0.00000 ,0.00000 ,0.00000 ,0.00000 ,0.00000 ,0.00000 ,0.00000 ,0.00000 ,0.00000 ,0.00000 ,0.00000 ,0.00000 ,0.00000 ,0.99750 ,0.32136 ,2.00000 ,0.00000 ,0.32100 ,0.32100 ,0.32100 ,0.32136 ,0.00000 ,0.02921 ,0.02921 ,0.00000 ,NaN ,
haberman_mdl_discr.csv , 306 , 2 , 2 , 10 ,0.76340 ,0.76340 ,0.76473 ,0.76340 ,0.76340 ,0.73389 ,0.01894 ,0.01894 ,0.01894 ,0.01894 ,0.01894 ,0.01821 ,NaN ,0.69781 ,NaN ,0.13198 ,0.00000 ,0.00000 ,0.00000 ,0.00000 ,0.00000 ,0.98815 ,0.76708 ,2.00000 ,1.00000 ,0.76405 ,0.76583 ,0.76761 ,0.76708 ,0.62222 ,0.67177 ,0.54414 ,0.00000 ,0.00000 ,0.00000 ,0.00000 ,0.00000 ,0.00000 ,0.00000 ,0.00000 ,0.00000 ,0.00000 ,0.00000 ,0.00000 ,0.00000 ,0.00000 ,0.00000 ,0.00000 ,0.00000 ,0.00000 ,0.00000 ,0.00000 ,0.00000 ,0.00000 ,0.00000 ,0.00000 ,0.95615 ,0.76925 ,2.00000 ,1.00000 ,0.75653 ,0.76310 ,0.76968 ,0.76925 ,0.68395 ,0.81523 ,0.50911 ,1.00000 ,NaN ,
hayes_roth_all_mdl_discr.csv , 160 , 3 , 3 , 10 ,0.50750 ,0.50750 ,0.50750 ,0.50750 ,0.50750 ,0.50750 ,0.02173 ,0.02173 ,0.02173 ,0.02172 ,0.02172 ,0.02255 ,NaN ,NaN ,NaN ,NaN ,0.00000 ,0.00000 ,0.00000 ,0.00000 ,0.00000 ,0.91625 ,0.54625 ,2.00000 ,1.00000 ,0.50438 ,0.51694 ,0.52950 ,0.54625 ,0.53781 ,0.37235 ,0.37084 ,0.00000 ,0.00000 ,0.00000 ,0.00000 ,0.00000 ,0.00000 ,0.00000 ,0.00000 ,0.00000 ,0.00000 ,0.00000 ,0.00000 ,0.00000 ,0.00000 ,0.00000 ,0.00000 ,0.00000 ,0.00000 ,0.00000 ,0.00000 ,0.00000 ,0.00000 ,0.00000 ,0.00000 ,0.91625 ,0.54625 ,2.00000 ,1.00000 ,0.50438 ,0.51694 ,0.52950 ,0.54625 ,0.53781 ,0.37235 ,0.37084 ,1.00000 ,NaN ,
heart_c_missingReplaced_mdl_discr.csv , 303 , 11 , 2 , 10 ,0.82923 ,0.83056 ,0.82725 ,0.81880 ,0.80206 ,0.83585 ,0.01222 ,0.01221 ,0.01222 ,0.01318 ,0.01413 ,0.01299 ,0.57934 ,0.49305 ,0.51264 ,0.05236 ,0.00000 ,0.00000 ,0.00000 ,0.00000 ,0.00000 ,0.99802 ,0.82894 ,2.00000 ,1.00000 ,0.82824 ,0.82853 ,0.82883 ,0.82894 ,0.00000 ,0.42950 ,0.47977 ,0.00000 ,0.00000 ,0.00000 ,0.00000 ,0.00000 ,0.00000 ,0.00000 ,0.00000 ,0.00000 ,0.00000 ,0.00000 ,0.00000 ,0.00000 ,0.00000 ,0.00000 ,0.00000 ,0.00000 ,0.00000 ,0.00000 ,0.00000 ,0.00000 ,0.00000 ,0.00000 ,0.00000 ,0.97890 ,0.80958 ,2.00000 ,1.00000 ,0.80210 ,0.80526 ,0.80843 ,0.80958 ,0.54444 ,0.14523 ,0.24381 ,0.33333 ,NaN ,
heart_hReplaceMissing_mdl_discr.csv , 294 , 9 , 2 , 10 ,0.85329 ,0.85262 ,0.85329 ,0.84924 ,0.84779 ,0.84441 ,0.01125 ,0.01126 ,0.01121 ,0.01134 ,0.01165 ,0.01192 ,0.82371 ,NaN ,0.76255 ,0.82656 ,0.00000 ,0.00000 ,0.00000 ,0.00000 ,0.00000 ,1.00000 ,0.85329 ,NaN ,NaN ,0.85329 ,0.85329 ,0.85329 ,0.85329 ,NaN ,0.82371 ,0.82371 ,0.00000 ,0.00000 ,0.00000 ,0.00000 ,0.00000 ,0.00000 ,0.00000 ,0.00000 ,0.00000 ,0.00000 ,0.00000 ,0.00000 ,0.00000 ,0.00000 ,0.00000 ,0.00000 ,0.00000 ,0.00000 ,0.00000 ,0.00000 ,0.00000 ,0.00000 ,0.00000 ,0.00000 ,0.99793 ,0.84824 ,2.00000 ,1.00000 ,0.84745 ,0.84776 ,0.84807 ,0.84824 ,0.66667 ,0.68916 ,0.70645 ,NaN ,NaN ,
hepatitis_missingReplaced_mdl_discr.csv , 155 , 16 , 2 , 10 ,0.85375 ,0.85625 ,0.85625 ,0.85383 ,0.87083 ,0.85375 ,0.01062 ,0.01062 ,0.01057 ,0.01160 ,0.01051 ,0.01197 ,0.57934 ,0.57934 ,0.99556 ,0.42193 ,0.00000 ,0.00000 ,0.00000 ,0.00000 ,0.00000 ,0.99875 ,0.85583 ,2.00000 ,1.00000 ,0.85563 ,0.85581 ,0.85600 ,0.85583 ,1.00000 ,0.69781 ,0.69781 ,0.00000 ,0.00000 ,0.00000 ,0.00000 ,0.00000 ,0.00000 ,0.00000 ,0.00000 ,0.00000 ,0.00000 ,0.00000 ,0.00000 ,0.00000 ,0.00000 ,0.00000 ,0.00000 ,0.00000 ,0.00000 ,0.00000 ,0.00000 ,0.00000 ,0.00000 ,0.00000 ,0.00000 ,0.95000 ,0.88615 ,2.00000 ,1.00000 ,0.86750 ,0.87500 ,0.88250 ,0.88615 ,0.62000 ,0.27386 ,0.15685 ,1.00000 ,NaN ,
hypothyroidReplaceMissing_mdl_discr.csv , 3772 , 25 , 4 , 10 ,0.98851 ,0.98829 ,0.98851 ,0.98829 ,0.99205 ,0.98741 ,0.00086 ,0.00086 ,0.00086 ,0.00098 ,0.00081 ,0.00099 ,0.52614 ,NaN ,0.86384 ,0.06223 ,0.00000 ,0.00000 ,0.00000 ,0.00000 ,0.00000 ,1.00000 ,0.98851 ,NaN ,NaN ,0.98851 ,0.98851 ,0.98851 ,0.98851 ,NaN ,0.52614 ,0.52614 ,0.00000 ,0.00000 ,0.00000 ,0.00000 ,0.00000 ,0.00000 ,0.00000 ,0.00000 ,0.00000 ,0.00000 ,0.00000 ,0.00000 ,0.00000 ,0.00000 ,0.00000 ,0.00000 ,0.00000 ,0.00000 ,0.00000 ,0.00000 ,0.00000 ,0.00000 ,0.00000 ,0.00000 ,0.97790 ,0.99234 ,3.67800 ,1.00000 ,0.97641 ,0.97897 ,0.98153 ,0.99234 ,0.96032 ,0.30940 ,0.37324 ,NaN ,NaN ,
ionosphere_mdl_discr.csv , 351 , 33 , 2 , 10 ,0.93098 ,0.93098 ,0.93041 ,0.92983 ,0.93038 ,0.91613 ,0.00529 ,0.00527 ,0.00527 ,0.00649 ,0.00630 ,0.00787 ,1.00000 ,0.69781 ,0.91205 ,0.30377 ,0.00000 ,0.00000 ,0.00000 ,0.00000 ,0.00000 ,1.00000 ,0.93041 ,NaN ,NaN ,0.93041 ,0.93041 ,0.93041 ,0.93041 ,NaN ,0.69781 ,0.69781 ,0.00000 ,0.00000 ,0.00000 ,0.00000 ,0.00000 ,0.00000 ,0.00000 ,0.00000 ,0.00000 ,0.00000 ,0.00000 ,0.00000 ,0.00000 ,0.00000 ,0.00000 ,0.00000 ,0.00000 ,0.00000 ,0.00000 ,0.00000 ,0.00000 ,0.00000 ,0.00000 ,0.00000 ,0.96075 ,0.94088 ,2.00000 ,1.00000 ,0.92331 ,0.92920 ,0.93509 ,0.94088 ,0.68495 ,0.89969 ,0.65024 ,NaN ,NaN ,
iris_mdl_discr.csv , 150 , 4 , 3 , 10 ,0.93333 ,0.93333 ,0.93333 ,0.93200 ,0.93600 ,0.94533 ,0.00380 ,0.00381 ,0.00381 ,0.00435 ,0.00408 ,0.00394 ,NaN ,NaN ,0.82371 ,0.47322 ,0.00000 ,0.00000 ,0.00000 ,0.00000 ,0.00000 ,1.00000 ,0.93333 ,NaN ,NaN ,0.93333 ,0.93333 ,0.93333 ,0.93333 ,NaN ,NaN ,0.00000 ,0.00000 ,0.00000 ,0.00000 ,0.00000 ,0.00000 ,0.00000 ,0.00000 ,0.00000 ,0.00000 ,0.00000 ,0.00000 ,0.00000 ,0.00000 ,0.00000 ,0.00000 ,0.00000 ,0.00000 ,0.00000 ,0.00000 ,0.00000 ,0.00000 ,0.00000 ,0.00000 ,0.00000 ,0.96933 ,0.95932 ,2.00000 ,1.00000 ,0.94467 ,0.94927 ,0.95387 ,0.95932 ,0.20000 ,0.06296 ,0.05047 ,NaN ,NaN ,
kr_vs_kp_mdl_discr.csv , 3196 , 36 , 2 , 10 ,0.89643 ,0.89604 ,0.89877 ,0.84834 ,0.93824 ,0.87845 ,0.00811 ,0.00810 ,0.00797 ,0.01010 ,0.00506 ,0.00923 ,0.70132 ,0.06531 ,0.00098 ,0.00033 ,0.00000 ,0.00000 ,0.00000 ,0.00000 ,0.00000 ,1.00000 ,0.89877 ,NaN ,NaN ,0.89877 ,0.89877 ,0.89877 ,0.89877 ,NaN ,0.11233 ,0.11233 ,0.00000 ,0.00000 ,0.00000 ,0.00000 ,0.00000 ,0.00000 ,0.00000 ,0.00000 ,0.00000 ,0.00000 ,0.00000 ,0.00000 ,0.00000 ,0.00000 ,0.00000 ,0.00000 ,0.00000 ,0.00000 ,0.00000 ,0.00000 ,0.00000 ,0.00000 ,0.00000 ,0.00000 ,0.98828 ,0.94314 ,2.00000 ,1.00000 ,0.93785 ,0.93961 ,0.94137 ,0.94314 ,0.66117 ,0.00258 ,0.00178 ,NaN ,NaN ,
labor_missingReplaced_mdl_discr.csv , 57 , 11 , 2 , 10 ,0.95133 ,0.95133 ,0.95133 ,0.92933 ,0.95467 ,0.94467 ,0.00365 ,0.00371 ,0.00364 ,0.00595 ,0.00346 ,0.00395 ,NaN ,NaN ,0.38427 ,0.49300 ,0.00000 ,0.00000 ,0.00000 ,0.00000 ,0.00000 ,0.99667 ,0.95467 ,2.00000 ,1.00000 ,0.95300 ,0.95350 ,0.95400 ,0.95467 ,0.00000 ,0.69781 ,0.69781 ,0.00000 ,0.00000 ,0.00000 ,0.00000 ,0.00000 ,0.00000 ,0.00000 ,0.00000 ,0.00000 ,0.00000 ,0.00000 ,0.00000 ,0.00000 ,0.00000 ,0.00000 ,0.00000 ,0.00000 ,0.00000 ,0.00000 ,0.00000 ,0.00000 ,0.00000 ,0.00000 ,0.00000 ,0.83667 ,0.98600 ,2.00000 ,1.00000 ,0.90833 ,0.93283 ,0.95733 ,0.98600 ,0.75521 ,0.48526 ,0.81050 ,1.00000 ,NaN ,
liver_disorders_mdl_discr.csv , 345 , 1 , 2 , 10 ,0.63171 ,0.63171 ,0.63171 ,0.63171 ,0.63171 ,0.63171 ,0.02327 ,0.02327 ,0.02327 ,0.02327 ,0.02327 ,0.02327 ,NaN ,NaN ,NaN ,NaN ,0.00000 ,0.00000 ,0.00000 ,0.00000 ,0.00000 ,1.00000 ,0.63171 ,NaN ,NaN ,0.63171 ,0.63171 ,0.63171 ,0.63171 ,NaN ,0.76259 ,0.00000 ,0.00000 ,0.00000 ,0.00000 ,0.00000 ,0.00000 ,0.00000 ,0.00000 ,0.00000 ,0.00000 ,0.00000 ,0.00000 ,0.00000 ,0.00000 ,0.00000 ,0.00000 ,0.00000 ,0.00000 ,0.00000 ,0.00000 ,0.00000 ,0.00000 ,0.00000 ,0.00000 ,0.00000 ,1.00000 ,0.63171 ,NaN ,NaN ,0.63171 ,0.63171 ,0.63171 ,0.63171 ,NaN ,0.76259 ,0.00000 ,NaN ,NaN ,
lymph_mdl_discr.csv , 148 , 18 , 4 , 10 ,0.86248 ,0.86781 ,0.86248 ,0.83790 ,0.78876 ,0.86248 ,0.01087 ,0.01087 ,0.01088 ,0.01356 ,0.01927 ,0.01184 ,0.42402 ,NaN ,0.25254 ,0.05284 ,0.00000 ,0.00000 ,2.62000 ,0.00000 ,0.00000 ,0.99867 ,0.86343 ,2.00000 ,1.00000 ,0.86314 ,0.86334 ,0.86354 ,0.86343 ,0.00000 ,0.53022 ,0.55957 ,0.00000 ,0.00000 ,0.00000 ,0.00000 ,0.00000 ,0.00000 ,0.00000 ,0.00000 ,0.00000 ,0.00000 ,0.00000 ,0.00000 ,0.00000 ,0.00000 ,0.00000 ,0.00000 ,0.00000 ,0.00000 ,0.00000 ,0.00000 ,0.00000 ,0.00000 ,0.00000 ,0.00000 ,0.86571 ,0.85458 ,2.17583 ,0.80333 ,0.79226 ,0.80923 ,0.82619 ,0.85458 ,0.35833 ,0.12584 ,0.30335 ,0.00000 ,NaN ,
monks1_merged_reorder_mdl_discr.csv , 556 , 6 , 2 , 10 ,0.96979 ,1.00000 ,1.00000 ,1.00000 ,1.00000 ,0.74640 ,0.00951 ,0.00780 ,0.00504 ,0.00130 ,0.00129 ,0.01742 ,0.01248 ,0.01248 ,0.01248 ,0.00000 ,0.00000 ,0.00000 ,0.00000 ,0.00000 ,0.00000 ,1.00000 ,1.00000 ,NaN ,NaN ,1.00000 ,1.00000 ,1.00000 ,1.00000 ,NaN ,NaN ,0.00000 ,0.00000 ,0.00000 ,0.00000 ,0.00000 ,0.00000 ,0.00000 ,0.00000 ,0.00000 ,0.00000 ,0.00000 ,0.00000 ,0.00000 ,0.00000 ,0.00000 ,0.00000 ,0.00000 ,0.00000 ,0.00000 ,0.00000 ,0.00000 ,0.00000 ,0.00000 ,0.00000 ,0.00000 ,1.00000 ,1.00000 ,NaN ,NaN ,1.00000 ,1.00000 ,1.00000 ,1.00000 ,NaN ,NaN ,0.00000 ,NaN ,NaN ,
monks2_merged_reorder_mdl_discr.csv , 601 , 6 , 2 , 10 ,0.65763 ,0.65562 ,0.65330 ,0.59805 ,0.60272 ,0.62768 ,0.02053 ,0.02038 ,0.02046 ,0.02075 ,0.02084 ,0.02293 ,0.61549 ,0.37528 ,0.00082 ,0.20814 ,0.00000 ,0.00000 ,0.00000 ,0.00000 ,0.00000 ,0.99202 ,0.65437 ,2.00000 ,1.00000 ,0.65296 ,0.65416 ,0.65536 ,0.65437 ,0.52778 ,0.52458 ,0.90858 ,0.00000 ,0.00000 ,0.00000 ,0.00000 ,0.00000 ,0.00000 ,0.00000 ,0.00000 ,0.00000 ,0.00000 ,0.00000 ,0.00000 ,0.00000 ,0.00000 ,0.00000 ,0.00000 ,0.00000 ,0.00000 ,0.00000 ,0.00000 ,0.00000 ,0.00000 ,0.00000 ,0.00000 ,0.81566 ,0.62095 ,2.00000 ,1.00000 ,0.59706 ,0.62471 ,0.65236 ,0.62095 ,0.47959 ,0.03497 ,0.94869 ,0.45833 ,NaN ,
monks3_merged_reorder_mdl_discr.csv , 554 , 6 , 2 , 10 ,0.97038 ,0.97110 ,0.97507 ,0.97869 ,0.98594 ,0.96388 ,0.00259 ,0.00252 ,0.00244 ,0.00178 ,0.00153 ,0.00426 ,0.57935 ,0.11155 ,0.06665 ,0.00899 ,0.00000 ,0.00000 ,0.00000 ,0.00000 ,0.00000 ,0.99964 ,0.97506 ,2.00000 ,1.00000 ,0.97489 ,0.97494 ,0.97500 ,0.97506 ,1.00000 ,0.15560 ,0.15373 ,0.00000 ,0.00000 ,0.00000 ,0.00000 ,0.00000 ,0.00000 ,0.00000 ,0.00000 ,0.00000 ,0.00000 ,0.00000 ,0.00000 ,0.00000 ,0.00000 ,0.00000 ,0.00000 ,0.00000 ,0.00000 ,0.00000 ,0.00000 ,0.00000 ,0.00000 ,0.00000 ,0.00000 ,0.99025 ,0.98910 ,2.00000 ,1.00000 ,0.98429 ,0.98576 ,0.98722 ,0.98910 ,0.73529 ,0.11689 ,0.11128 ,0.00000 ,NaN ,
nursery_mdl_discr.csv , 12960 , 8 , 5 , 10 ,0.92521 ,0.92526 ,0.92526 ,0.91692 ,0.92083 ,0.90247 ,0.00635 ,0.00634 ,0.00632 ,0.00589 ,0.00540 ,0.00800 ,0.82547 ,0.88051 ,0.01583 ,0.00000 ,0.00000 ,0.00000 ,0.00000 ,0.00000 ,0.00000 ,1.00000 ,0.92526 ,NaN ,NaN ,0.92526 ,0.92526 ,0.92526 ,0.92526 ,NaN ,1.00000 ,1.00000 ,0.00000 ,0.00000 ,0.00000 ,0.00000 ,0.00000 ,0.00000 ,0.00000 ,0.00000 ,0.00000 ,0.00000 ,0.00000 ,0.00000 ,0.00000 ,0.00000 ,0.00000 ,0.00000 ,0.00000 ,0.00000 ,0.00000 ,0.00000 ,0.00000 ,0.00000 ,0.00000 ,0.00000 ,1.00000 ,0.92083 ,NaN ,NaN ,0.92083 ,0.92083 ,0.92083 ,0.92083 ,NaN ,0.02126 ,0.02126 ,NaN ,NaN ,
page_blocks_mdl_discr.csv , 5473 , 10 , 5 , 10 ,0.96529 ,0.96538 ,0.96574 ,0.96291 ,0.96629 ,0.94043 ,0.00284 ,0.00275 ,0.00279 ,0.00329 ,0.00292 ,0.00510 ,0.95231 ,0.52692 ,0.40122 ,0.00000 ,0.00000 ,0.00000 ,0.00000 ,0.00000 ,0.00000 ,1.00000 ,0.96574 ,NaN ,NaN ,0.96574 ,0.96574 ,0.96574 ,0.96574 ,NaN ,0.76051 ,0.76051 ,0.00000 ,0.00000 ,0.00000 ,0.00000 ,0.00000 ,0.00000 ,0.00000 ,0.00000 ,0.00000 ,0.00000 ,0.00000 ,0.00000 ,0.00000 ,0.00000 ,0.00000 ,0.00000 ,0.00000 ,0.00000 ,0.00000 ,0.00000 ,0.00000 ,0.00000 ,0.00000 ,0.00000 ,0.99845 ,0.96644 ,4.64706 ,1.00000 ,0.96528 ,0.96544 ,0.96560 ,0.96644 ,0.88235 ,0.92665 ,0.96350 ,NaN ,NaN ,
pendigits_mdl_discr.csv , 10992 , 16 , 10 , 10 ,0.97817 ,0.97908 ,0.97817 ,0.95908 ,0.95908 ,0.88815 ,0.00246 ,0.00242 ,0.00244 ,0.00354 ,0.00354 ,0.00982 ,0.00000 ,NaN ,0.06148 ,0.03527 ,0.00004 ,0.00004 ,0.00000 ,0.00000 ,0.00000 ,1.00000 ,0.97817 ,NaN ,NaN ,0.97817 ,0.97817 ,0.97817 ,0.97817 ,NaN ,0.00000 ,0.00000 ,0.00000 ,0.00000 ,0.00000 ,0.00000 ,0.00000 ,0.00000 ,0.00000 ,0.00000 ,0.00000 ,0.00000 ,0.00000 ,0.00000 ,0.00000 ,0.00000 ,0.00000 ,0.00000 ,0.00000 ,0.00000 ,0.00000 ,0.00000 ,0.00000 ,0.00000 ,0.00000 ,0.00000 ,1.00000 ,0.95908 ,NaN ,NaN ,0.95908 ,0.95908 ,0.95908 ,0.95908 ,NaN ,0.06148 ,0.06148 ,NaN ,NaN ,
postoperative_patient_data_mdl_discr.csv , 90 , 8 , 3 , 10 ,0.63778 ,0.63778 ,0.63333 ,0.65556 ,0.64000 ,0.64000 ,0.02862 ,0.02862 ,0.02812 ,0.03115 ,0.02764 ,0.02836 ,NaN ,0.57934 ,0.57934 ,1.00000 ,0.00000 ,0.00000 ,8.00000 ,0.00000 ,0.00000 ,0.98667 ,0.64278 ,2.00000 ,1.00000 ,0.64000 ,0.64200 ,0.64400 ,0.64278 ,0.00000 ,0.68136 ,0.59455 ,0.00000 ,0.00000 ,0.00000 ,0.00000 ,0.00000 ,0.00000 ,0.00000 ,0.00000 ,0.00000 ,0.00000 ,0.00000 ,0.00000 ,0.00000 ,0.00000 ,0.00000 ,0.00000 ,0.00000 ,0.00000 ,0.00000 ,0.00000 ,0.00000 ,0.00000 ,0.00000 ,0.00000 ,0.76444 ,0.70258 ,2.01240 ,0.92636 ,0.64148 ,0.67474 ,0.70800 ,0.70258 ,0.48488 ,0.19023 ,0.03758 ,0.50000 ,NaN ,
segment_mdl_discr.csv , 2310 , 18 , 7 , 10 ,0.96561 ,0.96585 ,0.96561 ,0.95503 ,0.95406 ,0.93410 ,0.00318 ,0.00314 ,0.00317 ,0.00394 ,0.00404 ,0.00571 ,0.80381 ,1.00000 ,0.02598 ,0.02558 ,0.00000 ,0.00000 ,0.00000 ,0.00000 ,0.00000 ,1.00000 ,0.96561 ,NaN ,NaN ,0.96561 ,0.96561 ,0.96561 ,0.96561 ,NaN ,0.80381 ,0.80381 ,0.00000 ,0.00000 ,0.00000 ,0.00000 ,0.00000 ,0.00000 ,0.00000 ,0.00000 ,0.00000 ,0.00000 ,0.00000 ,0.00000 ,0.00000 ,0.00000 ,0.00000 ,0.00000 ,0.00000 ,0.00000 ,0.00000 ,0.00000 ,0.00000 ,0.00000 ,0.00000 ,0.00000 ,0.98004 ,0.96555 ,3.36037 ,0.67908 ,0.95196 ,0.95389 ,0.95583 ,0.96555 ,0.33946 ,0.01608 ,0.04075 ,NaN ,NaN ,
solarflare_C_mdl_discr.csv , 323 , 10 , 3 , 10 ,0.87926 ,0.87926 ,0.88237 ,0.86811 ,0.85650 ,0.85322 ,0.01187 ,0.01171 ,0.01148 ,0.01226 ,0.01220 ,0.01385 ,1.00000 ,0.67093 ,0.24648 ,0.83252 ,0.00000 ,0.00000 ,0.00000 ,0.12000 ,0.00000 ,0.99439 ,0.88361 ,2.00000 ,1.00000 ,0.88142 ,0.88226 ,0.88310 ,0.88361 ,0.64286 ,0.53226 ,0.45697 ,0.04000 ,0.00000 ,0.00000 ,0.00000 ,0.00000 ,0.00000 ,0.00000 ,0.00000 ,0.00000 ,0.00000 ,0.00000 ,0.00000 ,0.00000 ,0.00000 ,0.00000 ,0.00000 ,0.00000 ,0.00000 ,0.00000 ,0.00000 ,0.00000 ,0.00000 ,0.00000 ,0.00000 ,0.95612 ,0.88349 ,2.00000 ,0.98810 ,0.86545 ,0.87184 ,0.87823 ,0.88349 ,0.24333 ,0.21648 ,0.59519 ,0.42857 ,NaN ,
solarflare_M_mdl_discr.csv , 323 , 10 , 4 , 10 ,0.85828 ,0.85767 ,0.85519 ,0.85328 ,0.84894 ,0.85765 ,0.01218 ,0.01200 ,0.01193 ,0.01343 ,0.01266 ,0.01322 ,0.89995 ,0.69856 ,0.65164 ,0.51421 ,0.00000 ,0.00000 ,0.00000 ,0.62000 ,0.00000 ,0.99256 ,0.85917 ,2.00000 ,0.77273 ,0.85549 ,0.85633 ,0.85716 ,0.85917 ,0.31818 ,0.84884 ,0.94458 ,0.44000 ,0.00000 ,0.00000 ,0.00000 ,0.00000 ,0.00000 ,0.00000 ,0.00000 ,0.00000 ,0.00000 ,0.00000 ,0.00000 ,0.00000 ,0.00000 ,0.00000 ,0.00000 ,0.00000 ,0.00000 ,0.00000 ,0.00000 ,0.00000 ,0.00000 ,0.00000 ,0.00000 ,0.96769 ,0.85730 ,2.06304 ,0.84638 ,0.84232 ,0.84638 ,0.85044 ,0.85730 ,0.55290 ,0.46612 ,0.70359 ,0.31818 ,NaN ,
solarflare_X_mdl_discr.csv , 323 , 10 , 2 , 10 ,0.94426 ,0.94489 ,0.95233 ,0.94121 ,0.96102 ,0.94489 ,0.00388 ,0.00379 ,0.00330 ,0.00469 ,0.00337 ,0.00509 ,0.86316 ,0.40143 ,0.68802 ,0.29891 ,0.00000 ,0.00000 ,0.00000 ,4.00000 ,0.00000 ,0.93487 ,0.96663 ,2.00000 ,1.00000 ,0.93524 ,0.94501 ,0.95478 ,0.96663 ,0.68429 ,0.99252 ,0.36669 ,3.12000 ,0.00000 ,0.00000 ,0.00000 ,0.00000 ,0.00000 ,0.00000 ,0.00000 ,0.00000 ,0.00000 ,0.00000 ,0.00000 ,0.00000 ,0.00000 ,0.00000 ,0.00000 ,0.00000 ,0.00000 ,0.00000 ,0.00000 ,0.00000 ,0.00000 ,0.00000 ,0.00000 ,0.98574 ,0.96235 ,2.00000 ,1.00000 ,0.95575 ,0.95789 ,0.96003 ,0.96235 ,0.85294 ,0.46675 ,0.33359 ,0.01562 ,NaN ,
sonar_mdl_discr.csv , 208 , 21 , 2 , 10 ,0.85443 ,0.85348 ,0.85443 ,0.84757 ,0.82852 ,0.84571 ,0.01050 ,0.01047 ,0.01044 ,0.01154 ,0.01241 ,0.01215 ,0.69781 ,NaN ,0.71903 ,0.59406 ,0.00000 ,0.00000 ,0.00000 ,0.00000 ,0.00000 ,0.99810 ,0.85410 ,2.00000 ,1.00000 ,0.85348 ,0.85376 ,0.85405 ,0.85410 ,1.00000 ,0.87559 ,0.77850 ,0.00000 ,0.00000 ,0.00000 ,0.00000 ,0.00000 ,0.00000 ,0.00000 ,0.00000 ,0.00000 ,0.00000 ,0.00000 ,0.00000 ,0.00000 ,0.00000 ,0.00000 ,0.00000 ,0.00000 ,0.00000 ,0.00000 ,0.00000 ,0.00000 ,0.00000 ,0.00000 ,0.00000 ,0.88871 ,0.87189 ,2.00000 ,1.00000 ,0.82945 ,0.84615 ,0.86284 ,0.87189 ,0.51950 ,0.75126 ,0.75051 ,0.50000 ,NaN ,
spambase_mdl_discr.csv , 4600 , 55 , 2 , 10 ,0.89891 ,0.89891 ,0.90000 ,0.92391 ,0.92391 ,0.89674 ,0.00753 ,0.00747 ,0.00735 ,0.00654 ,0.00654 ,0.00947 ,NaN ,0.53188 ,0.09117 ,0.08397 ,0.00350 ,0.00351 ,0.00000 ,0.00000 ,0.00000 ,1.00000 ,0.90000 ,NaN ,NaN ,0.90000 ,0.90000 ,0.90000 ,0.90000 ,NaN ,0.53188 ,0.53188 ,0.00000 ,0.00000 ,0.00000 ,0.00000 ,0.00000 ,0.00000 ,0.00000 ,0.00000 ,0.00000 ,0.00000 ,0.00170 ,0.00170 ,0.00000 ,0.00000 ,0.00000 ,0.00000 ,0.00000 ,0.00000 ,0.00000 ,0.00000 ,0.00000 ,0.00000 ,0.00085 ,0.00085 ,1.00000 ,0.92391 ,NaN ,NaN ,0.92391 ,0.92391 ,0.92391 ,0.92391 ,NaN ,0.06377 ,0.06377 ,NaN ,NaN ,
tae_mdl_discr.csv , 151 , 2 , 3 , 10 ,0.46542 ,0.46542 ,0.46542 ,0.46542 ,0.46542 ,0.44375 ,0.04090 ,0.04090 ,0.04090 ,0.04090 ,0.04090 ,0.04107 ,NaN ,NaN ,NaN ,0.51271 ,0.00000 ,0.00000 ,0.00000 ,0.00000 ,0.00000 ,0.99500 ,0.46708 ,2.00000 ,1.00000 ,0.46792 ,0.46867 ,0.46942 ,0.46708 ,0.00000 ,0.69781 ,0.69781 ,0.00000 ,0.00000 ,0.00000 ,0.00000 ,0.00000 ,0.00000 ,0.00000 ,0.00000 ,0.00000 ,0.00000 ,0.00000 ,0.00000 ,0.00000 ,0.00000 ,0.00000 ,0.00000 ,0.00000 ,0.00000 ,0.00000 ,0.00000 ,0.00000 ,0.00000 ,0.00000 ,0.00000 ,0.97900 ,0.46842 ,2.00000 ,0.87500 ,0.46458 ,0.46713 ,0.46968 ,0.46842 ,0.29167 ,0.85390 ,0.67905 ,1.00000 ,NaN ,
waveform_5000_mdl_discr.csv , 5000 , 19 , 3 , 10 ,0.85750 ,0.85867 ,0.86383 ,0.82033 ,0.83500 ,0.80900 ,0.00970 ,0.00968 ,0.00957 ,0.01427 ,0.01247 ,0.01595 ,0.39822 ,0.00256 ,0.00358 ,0.01645 ,0.00000 ,0.00000 ,0.00000 ,0.00000 ,0.00000 ,0.99983 ,0.86381 ,2.00000 ,1.00000 ,0.86375 ,0.86377 ,0.86380 ,0.86381 ,1.00000 ,0.01348 ,0.01318 ,0.00000 ,0.00000 ,0.00000 ,0.00000 ,0.00000 ,0.00000 ,0.00000 ,0.00000 ,0.00000 ,0.00000 ,0.00000 ,0.00000 ,0.00000 ,0.00000 ,0.00000 ,0.00000 ,0.00000 ,0.00000 ,0.00000 ,0.00000 ,0.00000 ,0.00000 ,0.00000 ,0.00000 ,1.00000 ,0.83500 ,NaN ,NaN ,0.83500 ,0.83500 ,0.83500 ,0.83500 ,NaN ,0.00203 ,0.00203 ,0.00000 ,NaN ,
white_clover_mdl_discr.csv , 63 , 6 , 4 , 10 ,0.73143 ,0.72810 ,0.72857 ,0.72476 ,0.68333 ,0.76238 ,0.01904 ,0.02065 ,0.01917 ,0.02375 ,0.02325 ,0.01740 ,0.89128 ,0.69781 ,0.81545 ,0.11534 ,0.00000 ,0.00000 ,3.88000 ,0.00000 ,0.00000 ,0.98429 ,0.73952 ,2.00000 ,1.00000 ,0.73310 ,0.73545 ,0.73781 ,0.73952 ,0.20000 ,0.78640 ,0.73303 ,0.00000 ,0.00000 ,0.00000 ,0.00000 ,0.00000 ,0.00000 ,0.00000 ,0.00000 ,0.00000 ,0.00000 ,0.00000 ,0.00000 ,0.00000 ,0.00000 ,0.00000 ,0.00000 ,0.00000 ,0.00000 ,0.00000 ,0.00000 ,0.00000 ,0.00000 ,0.00000 ,0.00000 ,0.53524 ,0.89267 ,2.17933 ,0.96600 ,0.68754 ,0.75301 ,0.81848 ,0.89267 ,0.44400 ,0.61814 ,0.07477 ,1.00000 ,NaN ,
wine_reorder_mdl_discr.csv , 178 , 13 , 3 , 10 ,0.98556 ,0.98556 ,0.98556 ,0.98889 ,0.98667 ,0.99333 ,0.00089 ,0.00088 ,0.00089 ,0.00093 ,0.00090 ,0.00035 ,NaN ,NaN ,0.76446 ,0.31765 ,0.00000 ,0.00000 ,0.00000 ,0.00000 ,0.00000 ,1.00000 ,0.98556 ,NaN ,NaN ,0.98556 ,0.98556 ,0.98556 ,0.98556 ,NaN ,NaN ,0.00000 ,0.00000 ,0.00000 ,0.00000 ,0.00000 ,0.00000 ,0.00000 ,0.00000 ,0.00000 ,0.00000 ,0.00000 ,0.00000 ,0.00000 ,0.00000 ,0.00000 ,0.00000 ,0.00000 ,0.00000 ,0.00000 ,0.00000 ,0.00000 ,0.00000 ,0.00000 ,0.00000 ,0.00000 ,0.92732 ,1.00000 ,2.26316 ,1.00000 ,0.96029 ,0.97086 ,0.98142 ,1.00000 ,0.79386 ,0.14376 ,0.63948 ,NaN ,NaN ,
yeast_mdl_discr.csv , 1484 , 7 , 10 , 10 ,0.59771 ,0.59703 ,0.59737 ,0.59232 ,0.59130 ,0.59434 ,0.03403 ,0.03404 ,0.03403 ,0.03441 ,0.03452 ,0.03427 ,0.42829 ,0.58397 ,0.24917 ,0.63777 ,0.00000 ,0.00000 ,0.00000 ,0.00000 ,0.00000 ,1.00000 ,0.59737 ,NaN ,NaN ,0.59737 ,0.59737 ,0.59737 ,0.59737 ,NaN ,0.58397 ,0.58397 ,0.00000 ,0.00000 ,0.00000 ,0.00000 ,0.00000 ,0.00000 ,0.00000 ,0.00000 ,0.00000 ,0.00000 ,0.00000 ,0.00000 ,0.00000 ,0.00000 ,0.00000 ,0.00000 ,0.00000 ,0.00000 ,0.00000 ,0.00000 ,0.00000 ,0.00000 ,0.00000 ,0.00000 ,0.97980 ,0.59863 ,2.06429 ,0.59762 ,0.59265 ,0.59460 ,0.59656 ,0.59863 ,0.27857 ,0.68246 ,0.90957 ,NaN ,NaN ,
zoo_removedID_mdl_discr.csv , 101 , 16 , 7 , 10 ,0.95055 ,0.95055 ,0.95055 ,0.94073 ,0.95055 ,0.95055 ,0.00394 ,0.00396 ,0.00394 ,0.00506 ,0.00395 ,0.00377 ,NaN ,NaN ,0.36695 ,NaN ,0.00000 ,0.00000 ,0.00000 ,0.00000 ,0.00000 ,1.00000 ,0.95055 ,NaN ,NaN ,0.95055 ,0.95055 ,0.95055 ,0.95055 ,NaN ,0.69781 ,0.00000 ,0.00000 ,0.00000 ,0.00000 ,0.00000 ,0.00000 ,0.00000 ,0.00000 ,0.00000 ,0.00000 ,0.00000 ,0.00000 ,0.00000 ,0.00000 ,0.00000 ,0.00000 ,0.00000 ,0.00000 ,0.00000 ,0.00000 ,0.00000 ,0.00000 ,0.00000 ,0.00000 ,0.00000 ,0.87964 ,1.00000 ,2.98198 ,1.00000 ,0.92674 ,0.94244 ,0.95814 ,1.00000 ,0.60811 ,0.69125 ,0.71215 ,NaN ,NaN ,
segment_mdl_discr.csv , 2310 , 18 , 7 , 10 ,0.96515 ,0.96537 ,0.96515 ,0.95433 ,0.95390 ,0.93420 ,0.00317 ,0.00313 ,0.00316 ,0.00397 ,0.00404 ,0.00567 ,0.80981 ,1.00000 ,0.01582 ,0.01893 ,0.00000 ,0.00000 ,0.00000 ,0.00000 ,0.00000 ,1.00000 ,0.96515 ,NaN ,NaN ,0.96515 ,0.96515 ,0.96515 ,0.96515 ,NaN ,0.80981 ,0.80981 ,0.00000 ,0.00000 ,0.00000 ,0.00000 ,0.00000 ,0.00000 ,0.00000 ,0.00000 ,0.00000 ,0.00000 ,0.00000 ,0.00000 ,0.00000 ,0.00000 ,0.00000 ,0.00000 ,0.00000 ,0.00000 ,0.00000 ,0.00000 ,0.00000 ,0.00000 ,0.00000 ,0.00000 ,0.98030 ,0.96525 ,3.29970 ,0.65670 ,0.95167 ,0.95352 ,0.95537 ,0.96525 ,0.34390 ,0.01188 ,0.03153 ,NaN ,NaN ,